condition,family,level,rank,s5_severity,n_images,blur_score,saturation_ratio,entropy_bits,noise_est,mean_max_conf,frac_no_box,boxes_conf_ge_0.25,uncertainty,mAP50,mAP50_95,RCE
clean,none,0.0000,0,,200,327.0917,0.0094,7.4869,0.7463,0.7924,0.0000,7.7050,0.2076,0.2953,0.1730,0.0000
motion_blur_zoom0.02,motion_blur,0.0200,1,1.0000,200,70.4431,0.0077,7.4662,0.4432,0.7893,0.0000,6.7700,0.2107,0.2364,0.1335,0.1994
motion_blur_zoom0.06,motion_blur,0.0600,2,3.0000,200,25.8869,0.0056,7.4395,0.3377,0.7208,0.0050,4.5600,0.2778,0.1096,0.0596,0.6289
motion_blur_zoom0.1,motion_blur,0.1000,3,5.0000,200,15.5046,0.0044,7.4145,0.2985,0.6176,0.0100,3.0550,0.3785,0.0777,0.0395,0.7369
noise_sigma20.4,noise,20.4000,1,1.0000,200,3989.0375,0.0119,7.6825,13.7042,0.7645,0.0050,6.6800,0.2343,0.2456,0.1421,0.1681
noise_sigma45.9,noise,45.9000,2,3.0000,200,15983.9214,0.0166,7.8021,27.9159,0.6674,0.0100,4.5400,0.3293,0.1715,0.0959,0.4192
noise_sigma96.9,noise,96.9000,3,5.0000,200,47792.9498,0.0192,7.8960,48.7726,0.3362,0.3150,0.6900,0.4547,0.0387,0.0202,0.8689
dark_gain0.5,dark,0.5000,1,,200,83.6063,0.0134,6.4982,0.4336,0.7860,0.0000,7.0950,0.2140,0.2796,0.1627,0.0529
dark_gain0.25,dark,0.2500,2,,200,21.9052,0.0494,5.5113,0.2631,0.7697,0.0050,6.3900,0.2292,0.2599,0.1502,0.1197
dark_gain0.1,dark,0.1000,3,,200,4.3617,0.2793,4.2186,0.1543,0.7109,0.0350,4.0150,0.2790,0.1916,0.1049,0.3510
night_real,night_real,0.0000,0,,200,59.6620,0.1662,5.8088,0.2097,0.6428,0.0000,4.2650,0.3572,0.1464,0.0849,0.5041
